{"weight0": -2.164471708674988, "weight1": -0.09102135247026089, "weight2": -2.207416625394784, "weight3": 2.7310803352767477, "weight4": -1.830093187975587, "weight5": 0.2356631231794735, "weight6": -0.8414507025262135, "weight7": -0.6505701039624754, "weight8": -0.013068568471362793, "weight9": -0.6039428058364577, "weight10": -0.8955809680578921, "weight11": 0.25318912510969793, "weight12": -0.10756139271844989, "weight13": -1.1233071871316862, "weight14": -0.09809408857315706, "weight15": -0.03605607537064636, "weight16": -1.0960079719653781, "weight17": 1.4894648616833495, "weight18": -1.1918753177169936, "weight19": 1.3205449382702834, "weight20": 0.8762807283227316, "weight21": -1.6823098719720713, "weight22": -1.7157123991447598, "weight23": 0.891047384126456, "weight24": 0.4257328626068502, "weight25": 0.14092612178487457, "weight26": 0.3068080604088899, "weight27": 0.8440947530560232, "weight28": -0.997771109666551, "weight29": 1.135184336023488, "weight30": -0.286490099840361, "weight31": -2.949494305575937, "weight32": -0.48967036900974326, "weight33": -0.6120257588402105, "weight34": -0.8063495460460747, "weight35": -0.12245685933363577, "weight36": 1.3824682192924316, "weight37": -0.934246009337665, "weight38": -0.02652947436785878, "weight39": -1.6258684349278574, "weight40": 1.8360058560254446, "weight41": 0.48320218514978575, "weight42": 0.3850106123037474, "weight43": -0.563168162091097, "weight44": 1.1716465983567135, "weight45": 0.26970792327069304, "weight46": -0.023332275373288504, "weight47": 0.1431075338386185, "weight48": -2.4325139857173683, "weight49": -1.452133660893394, "weight50": -1.3493091891585547, "weight51": 1.189681247849774, "weight52": 0.16651130011060997, "weight53": 0.9956746732080851, "weight54": -0.5203998466714317, "weight55": 0.02432957555923759, "weight56": -0.3911481160397289, "weight57": 0.22023380611201046, "weight58": 0.22446621673282877, "weight59": 1.9278866395408227, "weight60": 0.1982373729839188, "weight61": -1.5222110692699349, "weight62": -0.38252152366582165, "weight63": 0.9519072480872073, "weight64": 0.08075686686401429, "weight65": -1.8574721735921076, "weight66": -0.26247798524610844, "weight67": -0.07646682749752007, "weight68": 0.5157057817047247, "weight69": 0.22280663427931485, "weight70": 2.4004563131078878, "weight71": 1.5584967324255306, "weight72": -0.704530576533639, "weight73": -0.31090912443573354, "weight74": 1.5364790336379557, "weight75": -0.8045183457018392, "weight76": 0.8187054911664332, "weight77": 0.15207599069786717, "weight78": 0.5317049493352392, "weight79": -0.5305467924174314, "weight80": -0.815648604807056, "weight81": 0.2873138875366994, "weight82": -0.07993411761790714, "weight83": -0.18595531152128636, "weight84": -1.336401962171684, "weight85": 1.9796342362789379, "weight86": -1.2731038138881625, "weight87": 1.7294858080065905, "weight88": -0.6464417060570844, "weight89": -1.0324477262061236, "weight90": -1.3975414557721135, "weight91": -0.9914799853867845, "weight92": 0.6293086092064338, "weight93": -0.8871259179818374, "weight94": -1.9535228453597353, "weight95": 0.5952994969821612, "weight96": -0.8191780213841586, "weight97": -0.059603999469027585, "weight98": -1.2279986791635935, "weight99": 0.6832398070821561, "weight100": -0.5577164059816083, "weight101": -1.4103988587442062, "weight102": 0.5196911496733733, "weight103": -0.5609361595071388, "weight104": -0.17678488667196318, "weight105": 2.0064750870059287, "weight106": 0.7613978187590973, "weight107": -0.09209330113090851, "weight108": 0.4572293377550999, "weight109": -1.3827292633423482, "weight110": -0.36162163883844123, "weight111": 1.0935031531313966, "weight112": 0.16518664024073462, "weight113": 1.5625451355091178, "weight114": -0.6037861107689066, "weight115": 0.03922581071685446, "weight116": 1.1540480033875655, "weight117": 1.4749841353923012, "weight118": 0.91124958811409, "weight119": 1.2110952127084018, "weight120": 0.9132499061467579, "weight121": -1.6267440425742752, "weight122": -0.386191711774561, "weight123": 0.6961969583810237, "weight124": 1.805310533874003, "weight125": 2.0616230809514278, "weight126": 1.5542801892074074, "weight127": 0.05967990004926317, "weight128": -0.876944320308277, "weight129": -0.7751427832964733, "weight130": 2.8947016817879354, "weight131": -0.4522704190728106, "weight132": -0.9102667511991608, "weight133": 0.34861914187304593, "weight134": -1.4006999280044365, "weight135": 0.16368027922531034, "weight136": -1.7224552264230681, "weight137": -0.463672793975967, "weight138": 0.13826662152500668, "weight139": 1.6365744307396939, "weight140": -1.1451064365073451, "weight141": 0.942549058052094, "weight142": -1.3939771217107926, "weight143": -2.2286097307286314, "weight144": 1.0402704472213542, "weight145": 0.7780004914566294, "weight146": 0.36958211244457595, "weight147": -0.12459999613688531, "weight148": 0.7378127709924004, "weight149": 0.6878385359593564, "weight150": 0.04156815184041744, "weight151": -1.123082971448435, "weight152": 1.7672454710582275, "weight153": -0.3156934865079988, "weight154": -0.3754538984520003, "weight155": -0.7512368478851036, "weight156": 0.5433028100928273, "weight157": -1.5502158334881906, "weight158": -0.4581888654563041, "weight159": -1.9811655995140094, "weight160": 0.0768675164725696, "weight161": -0.39156424082385344, "weight162": 0.7209418487795043, "weight163": -0.24924088694676327, "weight164": 0.7348286040793706, "weight165": -0.4642891449551361, "weight166": -0.9951947389879856, "weight167": -0.5844305592945174, "weight168": 2.152066538761357, "weight169": 2.455796402091172, "weight170": -0.23074092144485175, "weight171": -0.7371569183523633, "weight172": -0.8040590665016221, "weight173": 0.6374508925582408, "weight174": 1.8697442213658986, "weight175": -0.8613768928845993, "weight176": 1.170821943747971, "weight177": 0.7511237395217222, "weight178": 0.41829006302992594, "weight179": -2.707020797216929, "weight180": 1.195409177294821, "weight181": 0.24767089151918256, "weight182": 1.199778716549138, "weight183": -0.7363339347234483, "weight184": 0.773772674553398, "weight185": 0.9503778052056536, "weight186": -0.021779084319484207, "weight187": -0.42267968484154483, "weight188": -0.045210830268079163, "weight189": -2.6188515132846546, "weight190": 1.551538820294095, "weight191": -1.133726341682157, "weight192": -1.3436718899532003, "weight193": 0.8784484951548359, "weight194": 1.1497403676512654, "weight195": -1.006894183536607, "weight196": -1.1296994773846782, "weight197": 0.15597607547819797, "weight198": -1.2123495159248845, "weight199": -1.937822308841891, "weight200": 1.0819896653699357, "weight201": -0.18484957385292594, "weight202": -1.974403114079969, "weight203": -1.0748082415528857, "weight204": 1.3666032557443124, "weight205": -2.4817286552836646, "weight206": 0.12084195625464605, "weight207": 0.9035805699904038}